"S No","Trip Taken By","Trip From Address","Trip To Address","Posted by",Passengers,"Trip Amount"
1,12-07-2022,"xyz London","abc Yeovil",Admin,1,1
2,26-07-2022,"321 Honiton","123 swindon",testone,1,1
3,08-07-2022,"abc Honiton","zxc swindon",testone,1,1
4,21-07-2022,"123 Honiton","454 swindon",testone,1,1
5,26-07-2022,"1 Honiton","11 swindon",testone,1,1
6,01-01-1970,"hjghj Exeter"," Exeter",Admin,5,56
7,12-07-2022,"xyz London","abc Yeovil",testone,1,
8,26-07-2022,"321 Honiton","123 swindon",testone,1,
9,01-08-2022,"sample address details London","sample address details London",Admin,12,12000
10,30-08-2022,"From Addressuii London","To Address London",Admin,12,24333
11,31-08-2022,"From Address London","To Address London",Admin,34,4545454
12,31-08-2022,"Sample address London","To addrress London",testone,2,100
13,30-08-2022,"Udumalpet London","coimbatore London",Admin,10,1000
14,23-08-2022,"rtetrt London","ggfgh London",Admin,45,444
15,16-08-2022,"uffr London","coimbatore London",Admin,10,1000
16,30-08-2022,"ude London","ude London",Admin,0,453
17,12-07-2022,"xyz London","abc Yeovil",Admin,1,1
18,30-08-2022,"From Addressuii London","To Address London",Admin,12,24333
19,30-08-2022,"From Addressuii London","To Address London",Admin,12,24333
20,30-08-2022,"From Addressuii London","To Address London",Admin,12,24333
